{
    "swagger": "2.0",
    "info": {
        "description": "This is api for creating user and user order",
        "title": "UserOrder API",
        "contact": {
            "name": "FGA API Support"
        },
        "version": "1.0"
    },
    "host": "localhost:8080",
    "basePath": "/",
    "paths": {
        "/v1/user": {
            "post": {
                "description": "insert new user",
                "consumes": [
                    "application/json"
                ],
                "produces": [
                    "application/json"
                ],
                "tags": [
                    "user"
                ],
                "summary": "this api will insert user with unique email",
                "responses": {
                    "200": {
                        "description": "OK",
                        "schema": {
                            "$ref": "#/definitions/user.User"
                        }
                    }
                }
            }
        }
    },
    "definitions": {
        "user.User": {
            "type": "object",
            "properties": {
                "email": {
                    "type": "string"
                },
                "first_name": {
                    "type": "string"
                },
                "id": {
                    "type": "integer"
                },
                "last_name": {
                    "type": "string"
                }
            }
        }
    }
}